research_topic,opportunity,workflow_stage,trigger_or_signal,product_concept,evidence_cases,risk_or_guardrail,date_packaged
"Research B - missed signals, diagnostic errors, and late discovery cases",Longitudinal diagnostic signal accumulator,medical history; follow-up; repeat visit,"Repeated visits, slow lab drift, weight loss, multi-system symptoms",Auto-cluster symptoms/labs/visits/referrals into unresolved diagnostic threads.,"B-001, B-009, B-014, B-020, B-021","Avoid over-alerting by requiring meaningful change, persistence, or multi-domain convergence.",2026-05-30
"Research B - missed signals, diagnostic errors, and late discovery cases",Repeat-visit diagnostic reset,arrival; triage; first assessment,Return within days/weeks for same/worse complaint,"Require clinician to review prior diagnosis, what changed, and dangerous alternatives.","B-006, B-010, B-028, B-030",Must not punish necessary return visits; frame as safety support.,2026-05-30
"Research B - missed signals, diagnostic errors, and late discovery cases",Closed-loop abnormal result ownership,labs/imaging interpretation; discharge,Abnormal lab/imaging/microbiology after visit/discharge,Assign owner + deadline + patient notification + acknowledgment + action status.,"B-011, B-012, B-015, B-017, B-018",Escalation should be calibrated by criticality and context.,2026-05-30
"Research B - missed signals, diagnostic errors, and late discovery cases",Normal-test trap explainer,diagnosis discussion; specialist review,Clinician cites prior/normal test to close diagnosis,"Show test age, scope, symptom status, and what it cannot rule out.","B-001, B-003, B-004, B-016","Decision support should inform, not override, clinical judgment.",2026-05-30
"Research B - missed signals, diagnostic errors, and late discovery cases",Patient voice + severity capture,intake form; diagnosis discussion; follow-up,"Patient says not being heard, severe impairment, or fear of missed disease","Structured fields for patient concern, functional limits, photos, family history, and timeline.","B-002, B-020, B-022, B-023",Protect against stigmatizing notes; keep patient language respectful and relevant.,2026-05-30
"Research B - missed signals, diagnostic errors, and late discovery cases",Bias/misattribution guardrail,first assessment; referral,Anxiety/stress/weight/age/gender labels used with persistent physical symptoms,Prompt clinician to document physical red flags ruled out before psychiatric attribution.,"B-003, B-021, B-023, B-024",Do not imply mental health conditions are not real; focus on coexisting physical risk.,2026-05-30
"Research B - missed signals, diagnostic errors, and late discovery cases",Cross-specialty referral map,referral; specialist review,Symptoms span GI/GYN/cardiology/neuro/psych domains,Suggest adjacent specialties and shared handoff summary for unresolved patterns.,"B-002, B-003, B-024, B-029, B-032",Needs local referral availability and patient preference.,2026-05-30
"Research B - missed signals, diagnostic errors, and late discovery cases",Imaging finding lifecycle tracker,imaging interpretation; discharge; follow-up,Unexpected significant finding or critical imaging detail,"Track from report to clinician acknowledgment, patient notification, referral, and closure.","B-008, B-017, B-018, B-029",Separate emergent critical findings from non-urgent but serious findings.,2026-05-30
"Research B - missed signals, diagnostic errors, and late discovery cases",Emergency pathway timers,ED/urgent care,"Chest pain, torsion symptoms, sepsis signs, focal deficits","Condition-specific timers/checklists for serial ECG/troponin, ultrasound, CXR, CTA/perfusion.","B-006, B-007, B-016, B-030",Must permit clinician override with documented rationale.,2026-05-30
"Research B - missed signals, diagnostic errors, and late discovery cases",Low-resource diagnostic availability layer,labs ordered; treatment decision,RDT/microscopy unavailable; stockout; access/payment barrier,"Capture test unavailability, alternate plan, referral, and supply-chain alert.","B-025, B-026, B-027",Avoid penalizing clinics for stockouts; route data to system managers.,2026-05-30
"Research B - missed signals, diagnostic errors, and late discovery cases",Medication/access-as-diagnostic-clue,medical history; first assessment,"Stopped medication due to cost, adherence barriers, device/supply issues",Surface medication interruption as a risk factor for emergency differentials.,B-013,Requires sensitive financial questions and privacy protections.,2026-05-30
"Research B - missed signals, diagnostic errors, and late discovery cases",Pending-test discharge contract,discharge; follow-up,Test ordered but not resulted before discharge,"Patient-facing and clinician-facing list of pending results, expected date, owner, and action plan.","B-012, B-017",Must ensure patients are not alarmed without interpretation pathways.,2026-05-30
